8296417624133	65% cotton 35% polyester	C1
8296417656901	65% cotton 35% polyester	C1
8296417689669	65% cotton 35% polyester	C1
8296417722437	65% cotton 35% polyester	C1
8296417755205	65% cotton 35% polyester	C1
8296417787973	52% polyester 48% cotton	C1
8296418312261	53% polyester 39% cotton 8% elastane	C5
8296418476101	53% polyester 37% cotton 10% elastane	C6
8296418508869	55% polyester 38% cotton 7% elastane	C6
8296418541637	55% polyester 38% cotton 7% elastane	C6
8296418574405	54% polyester 20% acrylic 20% nylon 6% wool	C3
8296418607173	54% polyester 20% acrylic 20% nylon 6% wool	C3
8296418639941	54% polyester 20% acrylic 20% nylon 6% wool	C3
8296418672709	54% polyester 20% acrylic 20% nylon 6% wool	C3
8296418705477	80% polyester 20% elastane	C7
8296418738245	80% polyamide 20% elastane	C7
8296418771013	51% polyester 42% cotton 7% elastane	C8
8296418803781	53% polyester 37% cotton 10% elastane	C6
8296418836549	80% polyamide 20% elastane	C7
8296418869317	80% polyester 20% elastane	C7
8296418902085	53% polyester 37% cotton 10% elastane	C6
8296418934853	Base: 66% polyester 31% viscose 3% elastane	C9
8296418967621	51% polyester 42% cotton 7% elastane	C7
8296419000389	51% polyester 42% cotton 7% elastane	C7
8296419033157	51% polyester 42% cotton 7% elastane	C9
8296419065925	51% polyester 42% cotton 7% elastane	C7
8296419098693	63% cotton 37% polyester	C9
8296419131461	63% cotton 37% polyester	C9
8296419164229	63% cotton 37% polyester	C9
8296419196997	Top: 59% cotton 41% polyester base: 94% polyester 6% elastane	C9
8296419229765	Top: 59% cotton 41% polyester base: 94% polyester 6% elastane	C9
8296419262533	Main: 50% polyester 42% viscose 8% elastane / front pocket: 89% polyester 11% elastane	C9
8296419295301	Main: 50% polyester 42% viscose 8% elastane / front pocket: 89% polyester 11% elastane	C9
8296419328069	Main: 50% polyester 42% viscose 8% elastane / front pocket: 89% polyester 11% elastane	C9
8296419360837	55% acrylic 36% polyester 8% wool 1% elastane	C10
8296419393605	55% acrylic 36% polyester 8% wool 1% elastane	C10
8296419426373	55% acrylic 36% polyester 8% wool 1% elastane	C10
8296419459141	55% acrylic 36% polyester 8% wool 1% elastane	C10
8296419491909	75% cotton 25% polyester	C9
8296419524677	63% cotton 37% polyester	C9
8296419557445	63% cotton 37% polyester	C9
8296419590213	63% cotton 37% polyester	C9
8296419622981	43% polyester 32% nylon 18% acrylic 5% wool 2% elastane	C10
8296419655749	100% polyester	C7
8296419688517	43% polyester 32% nylon 18% acrylic 5% wool 2% elastane	C10
8296419721285	100% polyester	C7
8296419754053	43% polyester 32% nylon 18% acrylic 5% wool 2% elastane	C10
8296419786821	43% polyester 32% nylon 18% acrylic 5% wool 2% elastane	C10
8296419819589	Soft 100% Cotton yarn, knitted into a mid-weight fabrication. 100% cotton	C3
8296419852357	51% polyester 42% cotton 7% elastane	C8
8296419885125	51% polyester 42% cotton 7% elastane	C7
8296419917893	100% polyester	C7
8296419950661	100% polyester	C7
8296419983429	51% polyester 42% cotton 7% elastane / 90% polyamide 10% elastane	C9
8296420016197	51% polyester 42% cotton 7% elastane	C8
8296420048965	51% polyester 42% cotton 7% elastane	C8
8296420114501	79% cotton 21% polyester	C9
8296420147269	79% cotton 21% polyester	C9
8296420180037	43% acrylic 35% polyester 22% cotton	C11
8296420212805	56% polyester 37% cotton 7% elastane	C5
8296420245573	Base: 66% polyester 31% viscose 3% elastane	C9
8296420278341	43% acrylic 35% polyester 22% cotton	C11
8296420311109	79% cotton 21% polyester	C9
8296420343877	55% polyester 38% cotton 7% elastane	C6
8296420376645	53% polyester 39% cotton 8% elastane	C9
8296420409413	53% polyester 47% acrylic	C3
8296420442181	79% cotton 21% polyester	C9
8296420474949	43% acrylic 35% polyester 22% cotton	C11
8296972156997	95% cotton 5% elastane	C1
8296972189765	95% cotton 5% elastane	C6
8296972222533	72% cotton, 19% polyester, 9% elastane	C6
8296972255301	95% cotton 5% elastane	C1
8296972288069	95% cotton 5% elastane	C6
8296972320837	95% cotton 5% elastane	C6
8296972353605	72% cotton, 19% polyester, 9% elastane	C6
8296972386373	95% cotton 5% elastane	C9
8296972419141	95% cotton 5% elastane	C9
8296972451909	72% cotton, 19% polyester, 9% elastane	C6
8296972484677	Shell: 72% cotton 20% polyester 8% elastane contrast: 87% polyamide 13% elastane	C9
8296972517445	100% cotton	C6
8296972550213	Main fabric: 100% polyester woven hole: 89% polyester 11% elastane	C9
8296972582981	100% cotton	C6
8296972615749	90% polyamide 10% elastane	C7
8296972648517	Main fabric: 94% cotton 6% elastane pocket fabric: 86% polyamide 14% elastane	C9
8296972681285	98% cotton 2% elastane	C9
8296972714053	90% polyamide 10% elastane	C7
8296972779589	93% polyester 7% elastane	C9
8296972812357	93% cotton 5% elastane 2% viscose	C12
8296972845125	100% cotton	C6
8296972877893	86% polyester 14% elastane	C9
8296972910661	82% polyester 18% elastomultiester	C9
8296972943429	96% polyester 4% elastane	C7
8297018327109	95% Cotton 5% Elastane	C4
8297018359877	95% Cotton 5% Elastane	C4
8297018392645	Shell : 100% polyester. Lining : 100% polyamide. Mesh : 100% polyester	C13
8297018425413	95% Cotton 5% Elastane	C4
8297018458181	Main fabric: 100% leather. Mesh: 100% Polyester	C14
8297018490949	95% Cotton 5% Elastane	C4
8297018589253	Main fabric: 100% polyamide. Mesh: 100% Polyester	C14
8297020489797	98% cotton 2% elastane	C2
8297020522565	98% cotton 2% elastane	C2
8297020555333	98% cotton 2% elastane	C2
8297020588101	99% cotton 1% elastane	C15
8297020620869	98% cotton 2% elastane	C2
8297020653637	98% cotton 2% elastane	C2
8297020686405	91% cotton, 7% polyester, 2% elastane	C15
8297020719173	98% cotton 2% elastane	C2
8297020751941	99% cotton, 1% elastane	C15
8297020784709	98% cotton 2% elastane	C2
8297020817477	99% cotton, 1% elastane	C15
8297020883013	99% cotton, 1% elastane	C15
8297020948549	99% cotton, 1% elastane	C15
8297020981317	99% cotton, 1% elastane	C15
8297021014085	98% cotton 2% elastane	C2
8297021046853	98% cotton 2% elastane	C2
8297021079621	98% cotton 2% elastane	C2
8297021112389	99% cotton, 1% elastane	C15
8297021145157	98% cotton 2% elastane	C2
8297021177925	98% cotton 2% elastane	C2
8297021210693	99% cotton, 1% elastane	C15
8297021243461	99% cotton 1% elastane	C15
8297021276229	98% cotton 2% elastane	C2
8297023144005	Shell 1: 88% polyamide 12% elastane shell 2: 77% cotton 18% polyester 5% elastane lining: 100% polyamide filling: 100% polyester	C3
8297023176773	Shell 1: 88% polyamide 12% elastane shell 2: 77% cotton 18% polyester 5% elastane lining: 100% polyamide filling: 100% polyester	C3
8297023209541	Shell 1: 88% polyamide 12% elastane shell 2: 77% cotton 18% polyester 5% elastane lining: 100% polyamide filling: 100% polyester	C3
8297023242309	Shell 1: 88% polyamide 12% elastane shell 2: 77% cotton 18% polyester 5% elastane lining: 100% polyamide filling: 100% polyester	C3
8297023275077	Shell: 100% polyamide lining: 100% polyamide filling: 100% polyester	C16
8297023307845	Shell: 100% polyamide lining: 100% polyamide filling: 100% polyester	C16
8297023340613	100% polyester	C16
8297023373381	100% polyester	C16
8297023406149	Shell 1: 88% polyamide 12% elastane. Shell 2: 54% cotton 46 polyester. Lining: 100% polyamide. Filling: 100% polyester	C3
8297023438917	Shell 1: 88% polyamide 12% elastane. Shell 2: 54% cotton 46 polyester. Lining: 100% polyamide. Filling: 100% polyester	C3
8297023471685	Shell 1: 88% polyamide 12% elastane. Shell 2: 54% cotton 46 polyester. Lining: 100% polyamide. Filling: 100% polyester	C3
8297023504453	Shell: 83% polyamide 17% elastane lining: 100% polyester filling: 100% polyester	C3
8297023537221	Shell: 83% polyamide 17% elastane lining: 100% polyester filling: 100% polyester	C3
8297023602757	Shell: 83% polyamide 17% elastane lining: 100% polyester filling: 100% polyester	C3
8297023635525	43% acrylic 35% polyester 22% cotton	C11
8297023668293	43% acrylic 35% polyester 22% cotton	C11
8297023701061	Soft 100% Cotton yarn, knitted into a mid-weight fabrication. 100% cotton	C11
8297023733829	Soft 100% Cotton yarn, knitted into a mid-weight fabrication. 100% cotton	C11
8297023766597	Soft 100% Cotton yarn, knitted into a mid-weight fabrication. 100% cotton	C11
8297023799365	Soft 100% Cotton yarn, knitted into a mid-weight fabrication. 100% cotton	C11
8297023832133	Soft 100% Cotton yarn, knitted into a mid-weight fabrication. 100% cotton	C11
8297023864901	Soft 100% Cotton yarn, knitted into a mid-weight fabrication. 100% cotton	C11
8297023897669	Shell: 88% polyamide 12% elastane woven hole: 93% polyester 7% elastane	C1
8297023930437	Shell 1: 100% polyamide. Shell 2: 81% polyamide 19% elastane. Lining: 100% polyamide. Filling: 100% polyester	C16
8297023963205	Shell 1: 100% polyamide. Shell 2: 81% polyamide 19% elastane. Lining: 100% polyamide. Filling: 100% polyester	C16
8297023995973	Shell 1: 100% polyamide. Shell 2: 81% polyamide 19% elastane. Lining: 100% polyamide. Filling: 100% polyester	C16
8297024028741	100% polyester	C7
8297024061509	100% polyester	C7
8297024094277	54% cotton 40% polyamide 6% elastane	C1
8297024127045	54% cotton 40% polyamide 6% elastane	C1
8297024159813	Jersey: 54% Cotton 46% Polyester. Woven: 100% Polyamide. Lining: 100% Polyamide. Filling: 100% Polyester	C3
8297024192581	Jersey: 54% Cotton 46% Polyester. Woven: 100% Polyamide. Lining: 100% Polyamide. Filling: 100% Polyester	C3
8297024225349	Jersey: 54% Cotton 46% Polyester. Woven: 100% Polyamide. Lining: 100% Polyamide. Filling: 100% Polyester	C3
8297024258117	Shell: face 83% polyamide 17% elastane back 100% polyester lining: 100% polyamide filling: 100% polyester	C3
8297024290885	Jersey: 54% Cotton 46% Polyester. Woven: 100% Polyamide. Lining: 100% Polyamide. Filling: 100% Polyester	C3
8297024323653	Shell: face 83% polyamide 17% elastane back 100% polyester lining: 100% polyamide filling: 100% polyester	C3
8297024356421	Shell: 88% polyamide 12% elastane woven hole: 93% polyester 7% elastane	C1
8297024389189	Shell: 88% polyamide 12% elastane woven hole: 93% polyester 7% elastane	C1
8297024421957	Shell: 88% polyamide 12% elastane woven hole: 93% polyester 7% elastane	C1
